Nat,Pokemon,TypeI,TypeII,HP,Atk,Def,SpA,SpD,Spe,Move1,Move2,Move3,Move4,Generation,Height,Weight,Complete
1,Bulbasaur,Grass,Poison,45,49,49,65,65,45,RazorLeaf,Headbutt,GigaDrain,VineWhip,1,7,69,yes
2,Ivysaur,Grass,Poison,60,62,63,80,80,60,Solarbeam,FuryCutter,LeechSeed,SunnyDay,1,10,130,yes
3,Venusaur,Grass,Poison,80,82,83,100,100,80,GigaDrain,Tackle,Poisonpowder,Solarbeam,1,20,1000,yes
4,Charmander,Fire,,39,52,43,60,50,65,Flamethrower,Slash,Dragonbreath,Ember,1,6,85,yes
5,Charmeleon,Fire,,58,64,58,80,65,80,FireBlast,Strength,Dig,Smokescreen,1,11,190,yes
6,Charizard,Fire,Flying,78,84,78,109,85,100,FirePunch,Fly,Dragonbreath,Flamethrower,1,17,905,yes
7,Squirtle,Water,,44,48,65,60,54,43,Surf,Bite,Blizzard,Growl,1,5,90,yes
8,Wartortle,Water,,59,63,80,65,80,58,Waterfall,IcyWind,Dig,RapidSpin,1,10,225,yes
9,Blastoise,Water,,79,83,100,85,105,78,HydroPump,RapidSpin,Earthquake,Surf,1,16,855,yes
10,Caterpie,Bug,,45,30,35,20,20,45,Tackle,StringShot,Tackle,StringShot,1,3,29,yes
11,Metapod,Bug,,50,20,55,25,25,30,Tackle,Harden,Tackle,Harden,1,7,99,yes
12,Butterfree,Bug,Flying,60,45,50,80,80,70,Gust,Psychic,HyperBeam,StunSpore,1,11,320,yes
13,Weedle,Bug,Poison,40,35,30,20,20,50,PoisonSting,StringShot,PoisonSting,StringShot,1,3,32,yes
14,Kakuna,Bug,Poison,45,25,50,25,25,35,Tackle,Harden,Tackle,Harden,1,6,100,yes
15,Beedrill,Bug,Poison,65,80,40,40,80,75,Twineedle,SludgeBomb,Pursuit,FocusEnergy,1,10,295,yes
16,Pidgey,Normal,Flying,40,45,40,35,35,56,Fly,Return,SteelWing,Sand-attack,1,3,18,yes
17,Pidgeotto,Normal,Flying,63,60,55,50,50,71,Fly,Swift,SteelWing,AerialAce,1,11,300,yes
18,Pidgeot,Normal,Flying,83,80,75,70,70,91,Fly,Swift,HyperBeam,AerialAce,1,15,395,yes
19,Rattata,Normal,,30,56,35,25,35,72,SuperFang,Headbutt,ShadowBall,FocusEnergy,1,3,35,yes
20,Raticate,Normal,,55,81,60,50,70,97,SuperFang,HyperFang,Pursuit,ScaryFace,1,7,185,yes
21,Spearow,Normal,Flying,40,60,30,31,31,70,DrillPeck,Frustration,SteelWing,Growl,1,3,20,yes
22,Fearow,Normal,Flying,65,90,65,61,61,100,DrillPeck,HyperBeam,Pursuit,Fly,1,12,380,yes
23,Ekans,Poison,,30,60,44,40,54,55,SludgeBomb,Bite,Dig,Wrap,1,20,69,yes
24,Arbok,Poison,,60,85,69,65,79,80,SludgeBomb,Earthquake,Strength,Dig,1,35,650,yes
25,Pikachu,Electric,,35,55,30,50,40,90,Thunderbolt,Surf,IronTail,ThunderWave,1,4,60,yes
26,Raichu,Electric,,60,90,55,90,80,100,Thunder,QuickAttack,Spark,BodySlam,1,8,300,yes
27,Sandshrew,Ground,,50,75,85,20,30,40,Earthquake,FurySwipes,DefenseCurl,FuryCutter,1,6,120,yes
28,Sandslash,Ground,,75,100,110,45,55,65,Earthquake,Slash,Rollout,FurySwipes,1,10,295,yes
29,NidoranF,Poison,,55,47,52,40,40,41,Headbutt,IronTail,Blizzard,PoisonSting,1,4,70,yes
30,Nidorina,Poison,,70,62,67,55,55,56,Strength,Bite,Blizzard,PoisonSting,1,8,200,yes
31,Nidoqueen,Poison,Ground,90,82,87,75,85,76,BodySlam,Earthquake,IcePunch,PoisonSting,1,13,600,yes
32,NidoranM,Poison,,55,47,52,40,40,41,Headbutt,IronTail,Blizzard,PoisonSting,1,5,90,yes
33,Nidorino,Poison,,61,72,57,55,55,65,Strength,DoubleKick,Thunder,HornAttack,1,9,195,yes
34,Nidoking,Poison,Ground,81,92,77,85,75,85,Thunder,Earthquake,HornAttack,Mud-Slap,1,14,620,yes
35,Clefairy,Fairy,,70,45,48,60,65,35,Strength,Psychic,Growl,Tackle,1,6,75,yes
36,Clefable,Fairy,,95,70,73,85,90,60,Strength,Headbutt,IcePunch,Psychic,1,13,400,yes
37,Vulpix,Fire,,38,41,40,50,65,65,Flamethrower,Dig,Ember,QuickAttack,1,6,99,yes
38,Ninetales,Fire,,73,76,75,81,100,100,FireBlast,Overheat,Dig,QuickAttack,1,11,199,yes
39,Jigglypuff,Normal,Fairy,115,45,20,45,25,20,BodySlam,Rollout,DefenseCurl,Double-Edge,1,5,55,yes
40,Wigglytuff,Normal,Fairy,140,70,45,75,50,45,Double-Edge,FirePunch,Rollout,BodySlam,1,10,120,yes
41,Zubat,Poison,Flying,40,45,35,30,40,55,WingAttack,GigaDrain,AirCutter,Bite,1,8,75,yes
42,Golbat,Poison,Flying,75,80,70,65,75,90,Crunch,AerialAce,WingAttack,GigaDrain,1,16,550,yes
43,Oddish,Grass,Poison,45,50,55,75,65,30,GigaDrain,SludgeBomb,Acid,Solarbeam,1,5,54,yes
44,Gloom,Grass,Poison,60,65,70,85,75,40,Solarbeam,SludgeBomb,Acid,GigaDrain,1,8,86,yes
45,Vileplume,Grass,Poison,75,80,85,100,90,50,PetalDance,Acid,Solarbeam,GigaDrain,1,12,186,yes
46,Paras,Bug,Grass,35,70,55,45,55,25,GigaDrain,Slash,FuryCutter,Growth,1,3,54,yes
47,Parasect,Bug,Grass,60,95,80,60,80,30,GigaDrain,Slash,FuryCutter,Growth,1,10,295,yes
48,Venonat,Bug,Poison,60,55,50,40,55,45,SludgeBomb,Psychic,Tackle,Growl,1,10,300,yes
49,Venomoth,Bug,Poison,70,65,60,90,75,90,SludgeBomb,Psychic,Psybeam,LeechLife,1,15,125,yes
50,Diglett,Ground,,10,55,25,35,45,95,Earthquake,Slash,Growl,Dig,1,2,8,yes
51,Dugtrio,Ground,,35,80,50,50,70,120,Earthquake,Slash,Dig,Growl,1,7,333,yes
52,Meowth,Normal,,40,45,35,40,40,90,Slash,FaintAttack,ShadowBall,Bite,1,4,42,yes
53,Persian,Normal,,65,70,60,65,65,115,Headbutt,Slash,FaintAttack,ShadowBall,1,10,320,yes
54,Psyduck,Water,,50,52,48,65,50,55,Dig,Confusion,Surf,Scratch,1,8,196,yes
55,Golduck,Water,,80,82,78,95,80,85,HydroPump,Psychic,Dig,Surf,1,17,766,yes
56,Mankey,Fighting,,40,80,35,35,45,70,CrossChop,Strength,KarateChop,RockSmash,1,5,280,yes
57,Primeape,Fighting,,65,105,60,60,70,95,CrossChop,Strength,KarateChop,RockSmash,1,10,320,yes
58,Growlithe,Fire,,55,70,45,70,50,60,Ember,Bite,Dig,Tackle,1,7,190,yes
59,Arcanine,Fire,,90,110,80,100,80,95,FlameWheel,Extremespeed,Flamethrower,Dig,1,19,1550,yes
60,Poliwag,Water,,40,50,40,40,40,90,WaterGun,BodySlam,Surf,Tackle,1,6,124,yes
61,Poliwhirl,Water,,65,65,65,50,50,90,Surf,BodySlam,Tackle,WaterGun,1,10,200,yes
62,Poliwrath,Water,Fighting,90,85,95,70,90,70,Dynamicpunch,HydroPump,MachPunch,BodySlam,1,13,540,yes
63,Abra,Psychic,,25,20,15,105,55,90,Confusion,Psybeam,Reflect,Thunderpunch,1,9,195,yes
64,Kadabra,Psychic,,40,35,30,120,70,105,Psychic,Psybeam,Reflect,Thunderpunch,1,13,565,yes
65,Alakazam,Psychic,,55,50,45,135,85,120,Psychic,IcePunch,Thunder,ShadowBall,1,15,480,yes
66,Machop,Fighting,,70,80,50,35,35,35,Strength,RockSmash,CrossChop,Dig,1,8,195,yes
67,Machoke,Fighting,,80,100,70,50,60,45,Strength,RockSmash,CrossChop,Dig,1,15,705,yes
68,Machamp,Fighting,,90,130,80,65,85,55,Thunderpunch,FirePunch,Strength,CrossChop,1,16,1300,yes
69,Bellsprout,Grass,Poison,50,75,35,70,30,40,GigaDrain,SludgeBomb,RazorLeaf,Acid,1,7,40,yes
70,Weepinbell,Grass,Poison,65,90,50,85,45,55,GigaDrain,SludgeBomb,RazorLeaf,Acid,1,10,64,yes
71,Victreebel,Grass,Poison,80,105,65,100,60,70,Solarbeam,SludgeBomb,GigaDrain,RazorLeaf,1,17,155,yes
72,Tentacool,Water,Poison,40,40,35,50,100,70,Surf,SludgeBomb,Blizzard,Bubblebeam,1,9,455,yes
73,Tentacruel,Water,Poison,80,70,65,80,120,100,Surf,SludgeBomb,Blizzard,Bubblebeam,1,16,550,yes
74,Geodude,Rock,Ground,40,80,100,30,30,20,Earthquake,Rollout,RockSlide,RockSmash,1,4,200,yes
75,Graveler,Rock,Ground,55,95,115,45,45,35,Earthquake,Rollout,RockSlide,RockSmash,1,10,1050,yes
76,Golem,Rock,Ground,80,110,130,55,65,45,Earthquake,Rollout,RockSlide,RockSmash,1,14,3000,yes
77,Ponyta,Fire,,50,85,55,65,65,90,FireBlast,Headbutt,Flamethrower,Stomp,1,10,300,yes
78,Rapidash,Fire,,65,100,70,80,80,105,FireBlast,Headbutt,Flamethrower,Stomp,1,17,950,yes
79,Slowpoke,Water,Psychic,90,65,65,40,40,15,Surf,Psychic,Earthquake,IceBeam,1,12,360,yes
80,Slowbro,Water,Psychic,95,75,110,100,80,30,Surf,Psychic,Earthquake,IceBeam,1,16,785,yes
81,Magnemite,Electric,Steel,25,35,70,95,55,45,Thunder,Swift,Thunderbolt,ShockWave,1,3,60,yes
82,Magneton,Electric,Steel,50,60,95,120,70,70,Thunder,Swift,Thunderbolt,ShockWave,1,10,600,yes
83,Farfetch'd,Normal,Flying,52,65,55,58,62,60,Slash,Fly,SteelWing,WingAttack,1,8,150,yes
84,Doduo,Normal,Flying,35,85,45,35,35,75,DrillPeck,TriAttack,SteelWing,Pursuit,1,14,392,yes
85,Dodrio,Normal,Flying,60,110,70,60,60,100,DrillPeck,TriAttack,SteelWing,Pursuit,1,18,852,yes
86,Seel,Water,,65,45,55,45,70,45,Surf,IceBeam,Headbutt,AuroraBeam,1,11,900,yes
87,Dewgong,Water,Ice,90,70,80,70,95,70,Surf,IceBeam,Headbutt,AuroraBeam,1,17,1200,yes
88,Grimer,Poison,,80,80,50,40,50,25,SludgeBomb,Sludge,Acid,Dynamicpunch,1,9,300,yes
89,Muk,Poison,,105,105,75,65,100,50,SludgeBomb,Sludge,Acid,Dynamicpunch,1,12,300,yes
90,Shellder,Water,,30,65,100,45,25,40,Surf,IceBeam,Swift,AuroraBeam,1,3,40,yes
91,Cloyster,Water,Ice,50,90,180,85,45,70,Surf,IceBeam,Swift,AuroraBeam,1,15,1325,yes
92,Gastly,Ghost,Poison,30,35,30,100,35,80,ShadowBall,Psychic,Thief,SludgeBomb,1,13,1,yes
93,Haunter,Ghost,Poison,45,50,45,115,55,95,ShadowBall,Psychic,Thief,SludgeBomb,1,16,1,yes
94,Gengar,Ghost,Poison,60,65,60,130,75,110,ShadowBall,Psychic,Thief,SludgeBomb,1,15,405,yes
95,Onix,Rock,Ground,35,45,160,30,45,70,Earthquake,RockThrow,Strength,Tackle,1,88,2100,yes
96,Drowzee,Psychic,,60,48,45,43,90,42,Psychic,Headbutt,BodySlam,Confusion,1,10,324,yes
97,Hypno,Psychic,,85,73,70,73,115,67,Psychic,Headbutt,BodySlam,Confusion,1,16,756,yes
98,Krabby,Water,,30,105,90,25,25,50,Crabhammer,Strength,Blizzard,Surf,1,4,65,yes
99,Kingler,Water,,55,130,115,50,50,75,Crabhammer,Strength,Blizzard,Surf,1,13,600,yes
100,Voltorb,Electric,,40,30,50,55,55,100,Thunder,Thunderbolt,ShockWave,Swift,1,5,104,yes
101,Electrode,Electric,,60,50,70,80,80,140,Thunder,Thunderbolt,ShockWave,Swift,1,12,666,yes
102,Exeggcute,Grass,Psychic,60,40,80,60,45,40,Psychic,GigaDrain,EggBomb,Confusion,1,4,25,yes
103,Exeggutor,Grass,Psychic,95,95,85,125,65,55,Psychic,GigaDrain,EggBomb,Confusion,1,20,1200,yes
104,Cubone,Ground,,50,50,95,40,50,35,Bonemerang,Headbutt,IcyWind,Dig,1,4,65,yes
105,Marowak,Ground,,60,80,110,50,80,45,Bonemerang,Headbutt,IcyWind,Dig,1,10,450,yes
106,Hitmonlee,Fighting,,50,120,53,35,110,87,HiJumpKick,MegaKick,DoubleKick,Strength,1,15,498,yes
107,Hitmonchan,Fighting,,50,105,79,35,110,76,MachPunch,Strength,IcePunch,FirePunch,1,14,502,yes
108,Lickitung,Normal,,90,55,75,60,75,30,HyperBeam,ShadowBall,Surf,Growl,1,12,655,yes
109,Koffing,Poison,,40,65,95,60,45,35,SludgeBomb,FireBlast,ZapCannon,Selfdestruct,1,6,10,yes
110,Weezing,Poison,,65,90,120,85,70,60,SludgeBomb,FireBlast,ZapCannon,Selfdestruct,1,12,95,yes
111,Rhyhorn,Ground,Rock,80,85,95,30,30,25,Earthquake,Rollout,IronTail,Dig,1,10,1150,yes
112,Rhydon,Ground,Rock,105,130,120,45,45,40,Earthquake,Rollout,IronTail,Dig,1,19,1200,yes
113,Chansey,Normal,,250,5,5,35,105,50,EggBomb,Blizzard,Growl,BodySlam,1,11,346,yes
114,Tangela,Grass,,65,55,115,100,40,60,GigaDrain,Thief,Solarbeam,SleepPowder,1,10,350,yes
115,Kangaskhan,Normal,,105,95,80,40,80,90,DizzyPunch,Bite,Surf,Earthquake,1,22,800,yes
116,Horsea,Water,,30,40,70,70,25,60,HydroPump,Blizzard,Surf,Swift,1,4,80,yes
117,Seadra,Water,,55,65,95,95,45,85,HydroPump,Blizzard,Surf,Dragonbreath,1,12,250,yes
118,Goldeen,Water,,45,67,60,35,50,63,Surf,HornAttack,Waterfall,Bubblebeam,1,6,150,yes
119,Seaking,Water,,80,92,65,65,80,68,Surf,HornAttack,Waterfall,Bubblebeam,1,13,390,yes
120,Staryu,Water,,30,45,55,70,55,85,Psychic,HydroPump,Thunder,RapidSpin,1,8,345,yes
121,Starmie,Water,Psychic,60,75,85,100,85,115,Psychic,HydroPump,Thunder,RapidSpin,1,11,800,yes
122,Mr.Mime,Psychic,Fairy,40,45,65,100,120,90,Psybeam,Psychic,ShadowBall,Reflect,1,13,545,yes
123,Scyther,Bug,Flying,70,110,80,55,80,105,WingAttack,Pursuit,Slash,Swift,1,15,560,yes
124,Jynx,Ice,Psychic,65,50,35,115,95,95,IcePunch,Psychic,IceBeam,Lick,1,14,406,yes
125,Electabuzz,Electric,,65,83,57,95,85,105,Thunderpunch,Swift,Thunderbolt,ThunderWave,1,11,300,yes
126,Magmar,Fire,,65,95,57,100,85,93,FirePunch,Flamethrower,Thunderpunch,BrickBreak,1,13,445,yes
127,Pinsir,Bug,,65,125,100,55,70,85,FuryCutter,Vicegrip,Submission,Earthquake,1,15,550,yes
128,Tauros,Normal,,75,100,95,40,70,110,TakeDown,Pursuit,RockSmash,BodySlam,1,14,884,yes
129,Magikarp,Water,,20,10,55,15,20,80,Tackle,Flail,Tackle,Flail,1,9,100,yes
130,Gyarados,Water,Flying,95,125,79,60,100,81,Waterfall,Dragonbreath,Surf,Earthquake,1,65,2350,yes
131,Lapras,Water,Ice,130,85,80,85,95,60,Waterfall,Surf,IceBeam,Thunderbolt,1,25,2200,yes
132,Ditto,Normal,,48,48,48,48,48,48,Tackle,Tackle,Tackle,Tackle,1,3,40,yes
133,Eevee,Normal,,55,55,50,45,65,55,TakeDown,IronTail,ShadowBall,Growl,1,3,65,yes
134,Vaporeon,Water,,130,65,60,110,95,65,Waterfall,Surf,IceBeam,QuickAttack,1,10,290,yes
135,Jolteon,Electric,,65,65,60,110,95,130,Thunderbolt,PinMissile,DoubleKick,QuickAttack,1,8,245,yes
136,Flareon,Fire,,65,130,60,95,110,65,FireBlast,Flamethrower,FlameWheel,QuickAttack,1,9,250,yes
137,Porygon,Normal,,65,60,70,85,75,40,TriAttack,Blizzard,Tackle,Growl,1,8,365,yes
138,Omanyte,Rock,Water,35,40,100,90,55,35,Surf,Ancientpower,Blizzard,SpikeCannon,1,4,75,yes
139,Omastar,Rock,Water,70,60,125,115,70,55,Surf,Ancientpower,Blizzard,SpikeCannon,1,10,350,yes
140,Kabuto,Rock,Water,30,80,90,55,45,55,Rollout,GigaDrain,Blizzard,Surf,1,5,115,yes
141,Kabutops,Rock,Water,60,115,105,65,70,80,Rollout,GigaDrain,Blizzard,Surf,1,13,405,yes
142,Aerodactyl,Rock,Flying,80,105,65,60,75,130,Ancientpower,SteelWing,RockSlide,Fly,1,18,590,yes
143,Snorlax,Normal,,160,110,65,65,110,30,Headbutt,FirePunch,Thunderpunch,BodySlam,1,21,4600,yes
144,Articuno,Ice,Flying,90,85,100,95,125,85,Blizzard,AerialAce,IceBeam,Fly,1,17,554,yes
145,Zapdos,Electric,Flying,90,90,85,125,90,100,Thunder,Thunderbolt,AerialAce,Fly,1,16,526,yes
146,Moltres,Fire,Flying,90,100,90,125,85,90,FireBlast,Flamethrower,AerialAce,Fly,1,20,600,yes
147,Dratini,Dragon,,41,64,45,50,50,50,Dragonbreath,Outrage,Thunderbolt,Headbutt,1,18,33,yes
148,Dragonair,Dragon,,61,84,65,70,70,70,Dragonbreath,FireBlast,ThunderWave,Headbutt,1,40,165,yes
149,Dragonite,Dragon,Flying,91,134,95,100,100,80,Twister,WingAttack,Thunder,HyperBeam,1,22,2100,yes
150,Mewtwo,Psychic,,106,110,90,154,90,130,Psychic,IceBeam,FireBlast,Thunder,1,20,1220,yes
151,Mew,Psychic,,100,100,100,100,100,100,Psychic,Flamethrower,ShadowBall,IceBeam,1,4,40,yes
152,Chikorita,Grass,,45,49,65,49,65,45,,,,,2,9,64,no
153,Bayleef,Grass,,60,62,80,63,80,60,,,,,2,12,158,no
154,Meganium,Grass,,80,82,100,83,100,80,,,,,2,18,1005,no
155,Cyndaquil,Fire,,39,52,43,60,50,65,,,,,2,5,79,no
156,Quilava,Fire,,58,64,58,80,65,80,,,,,2,9,190,no
157,Typhlosion,Fire,,78,84,78,109,85,100,,,,,2,17,795,no
158,Totodile,Water,,50,65,64,44,48,43,,,,,2,6,95,no
159,Croconaw,Water,,65,80,80,59,63,58,,,,,2,11,250,no
160,Feraligatr,Water,,85,105,100,79,83,78,,,,,2,23,888,no
161,Sentret,Normal,,35,46,34,35,45,20,,,,,2,8,60,no
162,Furret,Normal,,85,76,64,45,55,90,,,,,2,18,325,no
163,Hoothoot,Normal,Flying,60,30,30,36,56,50,,,,,2,7,212,no
164,Noctowl,Normal,Flying,100,50,50,76,96,70,,,,,2,16,408,no
165,Ledyba,Bug,Flying,40,20,30,40,80,55,,,,,2,10,108,no
166,Ledian,Bug,Flying,55,35,50,55,110,85,,,,,2,14,356,no
167,Spinarak,Bug,Poison,40,60,40,40,40,30,,,,,2,5,85,no
168,Ariados,Bug,Poison,70,90,70,60,60,40,,,,,2,11,335,no
169,Crobat,Poison,Flying,85,90,80,70,80,130,,,,,2,18,750,no
170,Chinchou,Water,Electric,75,38,38,56,56,67,,,,,2,5,120,no
171,Lanturn,Water,Electric,125,58,58,76,76,67,,,,,2,12,225,no
172,Pichu,Electric,,20,40,15,35,35,60,,,,,2,3,20,no
173,Cleffa,Fairy,,50,25,28,45,55,15,,,,,2,3,30,no
174,Igglybuff,Normal,Fairy,90,30,15,40,20,15,,,,,2,3,10,no
175,Togepi,Fairy,,35,20,65,40,65,20,,,,,2,3,15,no
176,Togetic,Fairy,Flying,55,40,85,80,105,40,,,,,2,6,32,no
177,Natu,Psychic,Flying,40,50,45,70,45,70,,,,,2,2,20,no
178,Xatu,Psychic,Flying,65,75,70,95,70,95,,,,,2,15,150,no
179,Mareep,Electric,,55,40,40,65,45,35,,,,,2,6,78,no
180,Flaaffy,Electric,,70,55,55,80,60,45,,,,,2,8,133,no
181,Ampharos,Electric,,90,75,85,115,90,55,,,,,2,14,615,no
182,Bellossom,Grass,,75,80,95,90,100,50,,,,,2,4,58,no
183,Marill,Water,Fairy,70,20,50,20,50,40,,,,,2,4,85,no
184,Azumarill,Water,Fairy,100,50,80,60,80,50,,,,,2,8,285,no
185,Sudowoodo,Rock,,70,100,115,30,65,30,,,,,2,12,380,no
186,Politoed,Water,,90,75,75,90,100,70,,,,,2,11,339,no
187,Hoppip,Grass,Flying,35,35,40,35,55,50,,,,,2,4,5,no
188,Skiploom,Grass,Flying,55,45,50,45,65,80,,,,,2,6,10,no
189,Jumpluff,Grass,Flying,75,55,70,55,95,110,,,,,2,8,30,no
190,Aipom,Normal,,55,70,55,40,55,85,,,,,2,8,115,no
191,Sunkern,Grass,,30,30,30,30,30,30,,,,,2,3,18,no
192,Sunflora,Grass,,75,75,55,105,85,30,,,,,2,8,85,no
193,Yanma,Bug,Flying,65,65,45,75,45,95,,,,,2,12,380,no
194,Wooper,Water,Ground,55,45,45,25,25,15,,,,,2,4,85,no
195,Quagsire,Water,Ground,95,85,85,65,65,35,,,,,2,14,750,no
196,Espeon,Psychic,,65,65,60,130,95,110,,,,,2,9,265,no
197,Umbreon,Dark,,95,65,110,60,130,65,,,,,2,10,270,no
198,Murkrow,Dark,Flying,60,85,42,85,42,91,,,,,2,5,21,no
199,Slowking,Water,Psychic,95,75,80,100,110,30,,,,,2,20,795,no
200,Misdreavus,Ghost,,60,60,60,85,85,85,,,,,2,7,10,no
201,Unown,Psychic,,48,72,48,72,48,48,,,,,2,5,50,no
202,Wobbuffet,Psychic,,190,33,58,33,58,33,,,,,2,13,285,no
203,Girafarig,Normal,Psychic,70,80,65,90,65,85,,,,,2,15,415,no
204,Pineco,Bug,,50,65,90,35,35,15,,,,,2,6,72,no
205,Forretress,Bug,Steel,75,90,140,60,60,40,,,,,2,12,1258,no
206,Dunsparce,Normal,,100,70,70,65,65,45,,,,,2,15,140,no
207,Gligar,Ground,Flying,65,75,105,35,65,85,,,,,2,11,648,no
208,Steelix,Steel,Ground,75,85,200,55,65,30,,,,,2,92,4000,no
209,Snubbull,Fairy,,60,80,50,40,40,30,,,,,2,6,78,no
210,Granbull,Fairy,,90,120,75,60,60,45,,,,,2,14,487,no
211,Qwilfish,Water,Poison,65,95,75,55,55,85,,,,,2,5,39,no
212,Scizor,Bug,Steel,70,130,100,55,80,65,,,,,2,18,1180,no
213,Shuckle,Bug,Rock,20,10,230,10,230,5,,,,,2,6,205,no
214,Heracross,Bug,Fighting,80,125,75,40,95,85,,,,,2,15,540,no
215,Sneasel,Dark,Ice,55,95,55,35,75,115,,,,,2,9,280,no
216,Teddiursa,Normal,,60,80,50,50,50,40,,,,,2,6,88,no
217,Ursaring,Normal,,90,130,75,75,75,55,,,,,2,18,1258,no
218,Slugma,Fire,,40,40,40,70,40,20,,,,,2,7,350,no
219,Magcargo,Fire,Rock,50,50,120,80,80,30,,,,,2,8,550,no
220,Swinub,Ice,Ground,50,50,40,30,30,50,,,,,2,4,65,no
221,Piloswine,Ice,Ground,,,,,,,,,,,,2,11,558,no
222,Corsola,Water,Rock,,,,,,,,,,,,2,6,50,no
223,Remoraid,Water,,,,,,,,,,,,,2,6,120,no
224,Octillery,Water,,,,,,,,,,,,,2,9,285,no
225,Delibird,Ice,Flying,,,,,,,,,,,,2,9,160,no
226,Mantine,Water,Flying,,,,,,,,,,,,2,21,2200,no
227,Skarmory,Steel,Flying,,,,,,,,,,,,2,17,505,no
228,Houndour,Dark,Fire,,,,,,,,,,,,2,6,108,no
229,Houndoom,Dark,Fire,,,,,,,,,,,,2,14,350,no
230,Kingdra,Water,Dragon,,,,,,,,,,,,2,18,1520,no
231,Phanpy,Ground,,,,,,,,,,,,,2,5,335,no
232,Donphan,Ground,,,,,,,,,,,,,2,11,1200,no
233,Porygon2,Normal,,,,,,,,,,,,,2,6,325,no
234,Stantler,Normal,,,,,,,,,,,,,2,14,712,no
235,Smeargle,Normal,,,,,,,,,,,,,2,12,580,no
236,Tyrogue,Fighting,,,,,,,,,,,,,2,7,210,no
237,Hitmontop,Fighting,,,,,,,,,,,,,2,14,480,no
238,Smoochum,Ice,Psychic,,,,,,,,,,,,2,4,60,no
239,Elekid,Electric,,,,,,,,,,,,,2,6,235,no
240,Magby,Fire,,,,,,,,,,,,,2,7,214,no
241,Miltank,Normal,,,,,,,,,,,,,2,12,755,no
242,Blissey,Normal,,,,,,,,,,,,,2,15,468,no
243,Raikou,Electric,,,,,,,,,,,,,2,19,1780,no
244,Entei,Fire,,,,,,,,,,,,,2,21,1980,no
245,Suicune,Water,,,,,,,,,,,,,2,20,1870,no
246,Larvitar,Rock,Ground,,,,,,,,,,,,2,6,720,no
247,Pupitar,Rock,Ground,,,,,,,,,,,,2,12,1520,no
248,Tyranitar,Rock,Dark,,,,,,,,,,,,2,20,2020,no
249,Lugia,Psychic,Flying,,,,,,,,,,,,2,52,2160,no
250,Ho-oh,Fire,Flying,,,,,,,,,,,,2,38,1990,no
251,Celebi,Psychic,Grass,,,,,,,,,,,,2,6,50,no
252,Treecko,Grass,,,,,,,,,,,,,3,5,50,no
253,Grovyle,Grass,,,,,,,,,,,,,3,9,216,no
254,Sceptile,Grass,,,,,,,,,,,,,3,17,522,no
255,Torchic,Fire,,,,,,,,,,,,,3,4,25,no
256,Combusken,Fire,Fighting,,,,,,,,,,,,3,9,195,no
257,Blaziken,Fire,Fighting,,,,,,,,,,,,3,19,520,no
258,Mudkip,Water,,,,,,,,,,,,,3,4,76,no
259,Marshtomp,Water,Ground,,,,,,,,,,,,3,7,280,no
260,Swampert,Water,Ground,,,,,,,,,,,,3,15,819,no
261,Poochyena,Dark,,,,,,,,,,,,,3,5,136,no
262,Mightyena,Dark,,,,,,,,,,,,,3,10,370,no
263,Zigzagoon,Normal,,,,,,,,,,,,,3,4,175,no
264,Linoone,Normal,,,,,,,,,,,,,3,5,325,no
265,Wurmple,Bug,,,,,,,,,,,,,3,3,36,no
266,Silcoon,Bug,,,,,,,,,,,,,3,6,100,no
267,Beautifly,Bug,Flying,,,,,,,,,,,,3,10,284,no
268,Cascoon,Bug,,,,,,,,,,,,,3,7,115,no
269,Dustox,Bug,Poison,,,,,,,,,,,,3,12,316,no
270,Lotad,Water,Grass,,,,,,,,,,,,3,5,26,no
271,Lombre,Water,Grass,,,,,,,,,,,,3,12,325,no
272,Ludicolo,Water,Grass,,,,,,,,,,,,3,15,550,no
273,Seedot,Grass,,,,,,,,,,,,,3,5,40,no
274,Nuzleaf,Grass,Dark,,,,,,,,,,,,3,10,280,no
275,Shiftry,Grass,Dark,,,,,,,,,,,,3,13,596,no
276,Taillow,Normal,Flying,,,,,,,,,,,,3,3,23,no
277,Swellow,Normal,Flying,,,,,,,,,,,,3,7,198,no
278,Wingull,Water,Flying,,,,,,,,,,,,3,6,95,no
279,Pelipper,Water,Flying,,,,,,,,,,,,3,12,280,no
280,Ralts,Psychic,Fairy,,,,,,,,,,,,3,4,66,no
281,Kirlia,Psychic,Fairy,,,,,,,,,,,,3,8,202,no
282,Gardevoir,Psychic,Fairy,,,,,,,,,,,,3,16,484,no
283,Surskit,Bug,Water,,,,,,,,,,,,3,5,17,no
284,Masquerain,Bug,Flying,,,,,,,,,,,,3,8,36,no
285,Shroomish,Grass,,,,,,,,,,,,,3,4,45,no
286,Breloom,Grass,Fighting,,,,,,,,,,,,3,12,392,no
287,Slakoth,Normal,,,,,,,,,,,,,3,8,240,no
288,Vigoroth,Normal,,,,,,,,,,,,,3,14,465,no
289,Slaking,Normal,,,,,,,,,,,,,3,20,1305,no
290,Nincada,Bug,Ground,,,,,,,,,,,,3,5,55,no
291,Ninjask,Bug,Flying,,,,,,,,,,,,3,8,120,no
292,Shedinja,Bug,Ghost,,,,,,,,,,,,3,8,12,no
293,Whismur,Normal,,,,,,,,,,,,,3,6,163,no
294,Loudred,Normal,,,,,,,,,,,,,3,10,405,no
295,Exploud,Normal,,,,,,,,,,,,,3,15,840,no
296,Makuhita,Fighting,,,,,,,,,,,,,3,10,864,no
297,Hariyama,Fighting,,,,,,,,,,,,,3,23,2538,no
298,Azurill,Normal,Fairy,,,,,,,,,,,,3,2,20,no
299,Nosepass,Rock,,,,,,,,,,,,,3,10,970,no
300,Skitty,Normal,,,,,,,,,,,,,3,6,110,no
301,Delcatty,Normal,,,,,,,,,,,,,3,11,326,no
302,Sableye,Dark,Ghost,,,,,,,,,,,,3,5,110,no
303,Mawile,Steel,Fairy,,,,,,,,,,,,3,6,115,no
304,Aron,Steel,Rock,,,,,,,,,,,,3,4,600,no
305,Lairon,Steel,Rock,,,,,,,,,,,,3,9,1200,no
306,Aggron,Steel,Rock,,,,,,,,,,,,3,21,3600,no
307,Meditite,Fighting,Psychic,,,,,,,,,,,,3,6,112,no
308,Medicham,Fighting,Psychic,,,,,,,,,,,,3,13,315,no
309,Electrike,Electric,,,,,,,,,,,,,3,6,152,no
310,Manectric,Electric,,,,,,,,,,,,,3,15,402,no
311,Plusle,Electric,,,,,,,,,,,,,3,4,42,no
312,Minun,Electric,,,,,,,,,,,,,3,4,42,no
313,Volbeat,Bug,,,,,,,,,,,,,3,7,177,no
314,Illumise,Bug,,,,,,,,,,,,,3,6,177,no
315,Roselia,Grass,Poison,,,,,,,,,,,,3,3,20,no
316,Gulpin,Poison,,,,,,,,,,,,,3,4,103,no
317,Swalot,Poison,,,,,,,,,,,,,3,17,800,no
318,Carvanha,Water,Dark,,,,,,,,,,,,3,8,208,no
319,Sharpedo,Water,Dark,,,,,,,,,,,,3,18,888,no
320,Wailmer,Water,,,,,,,,,,,,,3,20,1300,no
321,Wailord,Water,,,,,,,,,,,,,3,145,3980,no
322,Numel,Fire,Ground,,,,,,,,,,,,3,7,240,no
323,Camerupt,Fire,Ground,,,,,,,,,,,,3,19,2200,no
324,Torkoal,Fire,,,,,,,,,,,,,3,5,804,no
325,Spoink,Psychic,,,,,,,,,,,,,3,7,306,no
326,Grumpig,Psychic,,,,,,,,,,,,,3,9,715,no
327,Spinda,Normal,,,,,,,,,,,,,3,11,50,no
328,Trapinch,Ground,,,,,,,,,,,,,3,7,150,no
329,Vibrava,Ground,Dragon,,,,,,,,,,,,3,11,153,no
330,Flygon,Ground,Dragon,,,,,,,,,,,,3,20,820,no
331,Cacnea,Grass,,,,,,,,,,,,,3,4,513,no
332,Cacturne,Grass,Dark,,,,,,,,,,,,3,13,774,no
333,Swablu,Normal,Flying,,,,,,,,,,,,3,4,12,no
334,Altaria,Dragon,Flying,,,,,,,,,,,,3,11,206,no
335,Zangoose,Normal,,,,,,,,,,,,,3,13,403,no
336,Seviper,Poison,,,,,,,,,,,,,3,27,525,no
337,Lunatone,Rock,Psychic,,,,,,,,,,,,3,10,1680,no
338,Solrock,Rock,Psychic,,,,,,,,,,,,3,12,1540,no
339,Barboach,Water,Ground,,,,,,,,,,,,3,4,19,no
340,Whiscash,Water,Ground,,,,,,,,,,,,3,9,236,no
341,Corphish,Water,,,,,,,,,,,,,3,6,115,no
342,Crawdaunt,Water,Dark,,,,,,,,,,,,3,11,328,no
343,Baltoy,Ground,Psychic,,,,,,,,,,,,3,5,215,no
344,Claydol,Ground,Psychic,,,,,,,,,,,,3,15,1080,no
345,Lileep,Rock,Grass,,,,,,,,,,,,3,10,238,no
346,Cradily,Rock,Grass,,,,,,,,,,,,3,15,604,no
347,Anorith,Rock,Bug,,,,,,,,,,,,3,7,125,no
348,Armaldo,Rock,Bug,,,,,,,,,,,,3,15,682,no
349,Feebas,Water,,,,,,,,,,,,,3,6,74,no
350,Milotic,Water,,,,,,,,,,,,,3,62,1620,no
351,Castform,Normal,,,,,,,,,,,,,3,3,8,no
352,Kecleon,Normal,,,,,,,,,,,,,3,10,220,no
353,Shuppet,Ghost,,,,,,,,,,,,,3,6,23,no
354,Banette,Ghost,,,,,,,,,,,,,3,11,125,no
355,Duskull,Ghost,,,,,,,,,,,,,3,8,150,no
356,Dusclops,Ghost,,,,,,,,,,,,,3,16,306,no
357,Tropius,Grass,Flying,,,,,,,,,,,,3,20,1000,no
358,Chimecho,Psychic,,,,,,,,,,,,,3,6,10,no
359,Absol,Dark,,,,,,,,,,,,,3,12,470,no
360,Wynaut,Psychic,,,,,,,,,,,,,3,6,140,no
361,Snorunt,Ice,,,,,,,,,,,,,3,7,168,no
362,Glalie,Ice,,,,,,,,,,,,,3,15,2565,no
363,Spheal,Ice,Water,,,,,,,,,,,,3,8,395,no
364,Sealeo,Ice,Water,,,,,,,,,,,,3,11,876,no
365,Walrein,Ice,Water,,,,,,,,,,,,3,14,1506,no
366,Clamperl,Water,,,,,,,,,,,,,3,4,525,no
367,Huntail,Water,,,,,,,,,,,,,3,17,270,no
368,Gorebyss,Water,,,,,,,,,,,,,3,18,226,no
369,Relicanth,Water,Rock,,,,,,,,,,,,3,10,234,no
370,Luvdisc,Water,,,,,,,,,,,,,3,6,87,no
371,Bagon,Dragon,,,,,,,,,,,,,3,6,421,no
372,Shelgon,Dragon,,,,,,,,,,,,,3,11,1105,no
373,Salamence,Dragon,Flying,,,,,,,,,,,,3,15,1026,no
374,Beldum,Steel,Psychic,,,,,,,,,,,,3,6,952,no
375,Metang,Steel,Psychic,,,,,,,,,,,,3,12,2025,no
376,Metagross,Steel,Psychic,,,,,,,,,,,,3,16,5500,no
377,Regirock,Rock,,,,,,,,,,,,,3,17,2300,no
378,Regice,Ice,,,,,,,,,,,,,3,18,1750,no
379,Registeel,Steel,,,,,,,,,,,,,3,19,2050,no
380,Latias,Dragon,Psychic,,,,,,,,,,,,3,14,400,no
381,Latios,Dragon,Psychic,,,,,,,,,,,,3,20,600,no
382,Kyogre,Water,,,,,,,,,,,,,3,45,3520,no
383,Groudon,Ground,,,,,,,,,,,,,3,35,9500,no
384,Rayquaza,Dragon,Flying,,,,,,,,,,,,3,70,2065,no
385,Jirachi,Steel,Psychic,,,,,,,,,,,,3,3,11,no
386,Deoxys-Normal,Psychic,,,,,,,,,,,,,3,17,608,no
387,Turtwig,Grass,,,,,,,,,,,,,3,4,102,no
388,Grotle,Grass,,,,,,,,,,,,,3,11,970,no
389,Torterra,Grass,Ground,,,,,,,,,,,,3,22,3100,no
390,Chimchar,Fire,,,,,,,,,,,,,3,5,62,no
391,Monferno,Fire,Fighting,,,,,,,,,,,,3,9,220,no
392,Infernape,Fire,Fighting,,,,,,,,,,,,3,12,550,no
393,Piplup,Water,,,,,,,,,,,,,3,4,52,no
394,Prinplup,Water,,,,,,,,,,,,,3,8,230,no
395,Empoleon,Water,Steel,,,,,,,,,,,,3,17,845,no
396,Starly,Normal,Flying,,,,,,,,,,,,3,3,20,no
397,Staravia,Normal,Flying,,,,,,,,,,,,3,6,155,no
398,Staraptor,Normal,Flying,,,,,,,,,,,,3,12,249,no
399,Bidoof,Normal,,,,,,,,,,,,,3,5,200,no
400,Bibarel,Normal,Water,,,,,,,,,,,,3,10,315,no
401,Kricketot,Bug,,,,,,,,,,,,,3,3,22,no
402,Kricketune,Bug,,,,,,,,,,,,,3,10,255,no
403,Shinx,Electric,,,,,,,,,,,,,3,5,95,no
404,Luxio,Electric,,,,,,,,,,,,,3,9,305,no
405,Luxray,Electric,,,,,,,,,,,,,3,14,420,no
406,Budew,Grass,Poison,,,,,,,,,,,,3,2,12,no
407,Roserade,Grass,Poison,,,,,,,,,,,,3,9,145,no
408,Cranidos,Rock,,,,,,,,,,,,,3,9,315,no
409,Rampardos,Rock,,,,,,,,,,,,,3,16,1025,no
410,Shieldon,Rock,Steel,,,,,,,,,,,,3,5,570,no
411,Bastiodon,Rock,Steel,,,,,,,,,,,,3,13,1495,no
412,Burmy,Bug,,,,,,,,,,,,,3,2,34,no
413,Wormadam-Plant,Bug,Grass,,,,,,,,,,,,3,5,65,no
414,Mothim,Bug,Flying,,,,,,,,,,,,3,9,233,no
415,Combee,Bug,Flying,,,,,,,,,,,,3,3,55,no
416,Vespiquen,Bug,Flying,,,,,,,,,,,,3,12,385,no
417,Pachirisu,Electric,,,,,,,,,,,,,3,4,39,no
418,Buizel,Water,,,,,,,,,,,,,3,7,295,no
419,Floatzel,Water,,,,,,,,,,,,,3,11,335,no
420,Cherubi,Grass,,,,,,,,,,,,,3,4,33,no
421,Cherrim,Grass,,,,,,,,,,,,,3,5,93,no
422,Shellos,Water,,,,,,,,,,,,,3,3,63,no
423,Gastrodon,Water,Ground,,,,,,,,,,,,3,9,299,no
424,Ambipom,Normal,,,,,,,,,,,,,3,12,203,no
425,Drifloon,Ghost,Flying,,,,,,,,,,,,3,4,12,no
426,Drifblim,Ghost,Flying,,,,,,,,,,,,3,12,150,no
427,Buneary,Normal,,,,,,,,,,,,,3,4,55,no
428,Lopunny,Normal,,,,,,,,,,,,,3,12,333,no
429,Mismagius,Ghost,,,,,,,,,,,,,3,9,44,no
430,Honchkrow,Dark,Flying,,,,,,,,,,,,3,9,273,no
431,Glameow,Normal,,,,,,,,,,,,,3,5,39,no
432,Purugly,Normal,,,,,,,,,,,,,3,10,438,no
433,Chingling,Psychic,,,,,,,,,,,,,3,2,6,no
434,Stunky,Poison,Dark,,,,,,,,,,,,3,4,192,no
435,Skuntank,Poison,Dark,,,,,,,,,,,,3,10,380,no
436,Bronzor,Steel,Psychic,,,,,,,,,,,,3,5,605,no
437,Bronzong,Steel,Psychic,,,,,,,,,,,,3,13,1870,no
438,Bonsly,Rock,,,,,,,,,,,,,3,5,150,no
439,Mime-Jr,Psychic,Fairy,,,,,,,,,,,,3,6,130,no
440,Happiny,Normal,,,,,,,,,,,,,4,6,244,no
441,Chatot,Normal,Flying,,,,,,,,,,,,4,5,19,no
442,Spiritomb,Ghost,Dark,,,,,,,,,,,,4,10,1080,no
443,Gible,Dragon,Ground,,,,,,,,,,,,4,7,205,no
444,Gabite,Dragon,Ground,,,,,,,,,,,,4,14,560,no
445,Garchomp,Dragon,Ground,,,,,,,,,,,,4,19,950,no
446,Munchlax,Normal,,,,,,,,,,,,,4,6,1050,no
447,Riolu,Fighting,,,,,,,,,,,,,4,7,202,no
448,Lucario,Fighting,Steel,,,,,,,,,,,,4,12,540,no
449,Hippopotas,Ground,,,,,,,,,,,,,4,8,495,no
450,Hippowdon,Ground,,,,,,,,,,,,,4,20,3000,no
451,Skorupi,Poison,Bug,,,,,,,,,,,,4,8,120,no
452,Drapion,Poison,Dark,,,,,,,,,,,,4,13,615,no
453,Croagunk,Poison,Fighting,,,,,,,,,,,,4,7,230,no
454,Toxicroak,Poison,Fighting,,,,,,,,,,,,4,13,444,no
455,Carnivine,Grass,,,,,,,,,,,,,4,14,270,no
456,Finneon,Water,,,,,,,,,,,,,4,4,70,no
457,Lumineon,Water,,,,,,,,,,,,,4,12,240,no
458,Mantyke,Water,Flying,,,,,,,,,,,,4,10,650,no
459,Snover,Grass,Ice,,,,,,,,,,,,4,10,505,no
460,Abomasnow,Grass,Ice,,,,,,,,,,,,4,22,1355,no
461,Weavile,Dark,Ice,,,,,,,,,,,,4,11,340,no
462,Magnezone,Electric,Steel,,,,,,,,,,,,4,12,1800,no
463,Lickilicky,Normal,,,,,,,,,,,,,4,17,1400,no
464,Rhyperior,Ground,Rock,,,,,,,,,,,,4,24,2828,no
465,Tangrowth,Grass,,,,,,,,,,,,,4,20,1286,no
466,Electivire,Electric,,,,,,,,,,,,,4,18,1386,no
467,Magmortar,Fire,,,,,,,,,,,,,4,16,680,no
468,Togekiss,Fairy,Flying,,,,,,,,,,,,4,15,380,no
469,Yanmega,Bug,Flying,,,,,,,,,,,,4,19,515,no
470,Leafeon,Grass,,,,,,,,,,,,,4,10,255,no
471,Glaceon,Ice,,,,,,,,,,,,,4,8,259,no
472,Gliscor,Ground,Flying,,,,,,,,,,,,4,20,425,no
473,Mamoswine,Ice,Ground,,,,,,,,,,,,4,25,2910,no
474,Porygon-Z,Normal,,,,,,,,,,,,,4,9,340,no
475,Gallade,Psychic,Fighting,,,,,,,,,,,,4,16,520,no
476,Probopass,Rock,Steel,,,,,,,,,,,,4,14,3400,no
477,Dusknoir,Ghost,,,,,,,,,,,,,4,22,1066,no
478,Froslass,Ice,Ghost,,,,,,,,,,,,4,13,266,no
479,Rotom,Electric,Ghost,,,,,,,,,,,,4,3,3,no
480,Uxie,Psychic,,,,,,,,,,,,,4,3,3,no
481,Mesprit,Psychic,,,,,,,,,,,,,4,3,3,no
482,Azelf,Psychic,,,,,,,,,,,,,4,3,3,no
483,Dialga,Steel,Dragon,,,,,,,,,,,,4,54,6830,no
484,Palkia,Water,Dragon,,,,,,,,,,,,4,42,3360,no
485,Heatran,Fire,Steel,,,,,,,,,,,,4,17,4300,no
486,Regigigas,Normal,,,,,,,,,,,,,4,37,4200,no
487,Giratina-Altered,Ghost,Dragon,,,,,,,,,,,,4,45,7500,no
488,Cresselia,Psychic,,,,,,,,,,,,,4,15,856,no
489,Phione,Water,,,,,,,,,,,,,4,4,31,no
490,Manaphy,Water,,,,,,,,,,,,,4,3,14,no
491,Darkrai,Dark,,,,,,,,,,,,,4,15,505,no
492,Shaymin-land,Grass,,,,,,,,,,,,,4,2,21,no
493,Arceus,Normal,,,,,,,,,,,,,4,32,3200,no
494,Victini,Psychic,Fire,,,,,,,,,,,,4,4,40,no
495,Snivy,Grass,,,,,,,,,,,,,5,6,81,no
496,Servine,Grass,,,,,,,,,,,,,5,8,160,no
497,Serperior,Grass,,,,,,,,,,,,,5,33,630,no
498,Tepig,Fire,,,,,,,,,,,,,5,5,99,no
499,Pignite,Fire,Fighting,,,,,,,,,,,,5,10,555,no
500,Emboar,Fire,Fighting,,,,,,,,,,,,5,16,1500,no
501,Oshawott,Water,,,,,,,,,,,,,5,5,59,no
502,Dewott,Water,,,,,,,,,,,,,5,8,245,no
503,Samurott,Water,,,,,,,,,,,,,5,15,946,no
504,Patrat,Normal,,,,,,,,,,,,,5,5,116,no
505,Watchog,Normal,,,,,,,,,,,,,5,11,270,no
506,Lillipup,Normal,,,,,,,,,,,,,5,4,41,no
507,Herdier,Normal,,,,,,,,,,,,,5,9,147,no
508,Stoutland,Normal,,,,,,,,,,,,,5,12,610,no
509,Purrloin,Dark,,,,,,,,,,,,,5,4,101,no
510,Liepard,Dark,,,,,,,,,,,,,5,11,375,no
511,Pansage,Grass,,,,,,,,,,,,,5,6,105,no
512,Simisage,Grass,,,,,,,,,,,,,5,11,305,no
513,Pansear,Fire,,,,,,,,,,,,,5,6,110,no
514,Simisear,Fire,,,,,,,,,,,,,5,10,280,no
515,Panpour,Water,,,,,,,,,,,,,5,6,135,no
516,Simipour,Water,,,,,,,,,,,,,5,10,290,no
517,Munna,Psychic,,,,,,,,,,,,,5,6,233,no
518,Musharna,Psychic,,,,,,,,,,,,,5,11,605,no
519,Pidove,Normal,Flying,,,,,,,,,,,,5,3,21,no
520,Tranquill,Normal,Flying,,,,,,,,,,,,5,6,150,no
521,Unfezant,Normal,Flying,,,,,,,,,,,,5,12,290,no
522,Blitzle,Electric,,,,,,,,,,,,,5,8,298,no
523,Zebstrika,Electric,,,,,,,,,,,,,5,16,795,no
524,Roggenrola,Rock,,,,,,,,,,,,,5,4,180,no
525,Boldore,Rock,,,,,,,,,,,,,5,9,1020,no
526,Gigalith,Rock,,,,,,,,,,,,,5,17,2600,no
527,Woobat,Psychic,Flying,,,,,,,,,,,,5,4,21,no
528,Swoobat,Psychic,Flying,,,,,,,,,,,,5,9,105,no
529,Drilbur,Ground,,,,,,,,,,,,,5,3,85,no
530,Excadrill,Ground,Steel,,,,,,,,,,,,5,7,404,no
531,Audino,Normal,,,,,,,,,,,,,5,11,310,no
532,Timburr,Fighting,,,,,,,,,,,,,5,6,125,no
533,Gurdurr,Fighting,,,,,,,,,,,,,5,12,400,no
534,Conkeldurr,Fighting,,,,,,,,,,,,,5,14,870,no
535,Tympole,Water,,,,,,,,,,,,,5,5,45,no
536,Palpitoad,Water,Ground,,,,,,,,,,,,5,8,170,no
537,Seismitoad,Water,Ground,,,,,,,,,,,,5,15,620,no
538,Throh,Fighting,,,,,,,,,,,,,5,13,555,no
539,Sawk,Fighting,,,,,,,,,,,,,5,14,510,no
540,Sewaddle,Bug,Grass,,,,,,,,,,,,5,3,25,no
541,Swadloon,Bug,Grass,,,,,,,,,,,,5,5,73,no
542,Leavanny,Bug,Grass,,,,,,,,,,,,5,12,205,no
543,Venipede,Bug,Poison,,,,,,,,,,,,5,4,53,no
544,Whirlipede,Bug,Poison,,,,,,,,,,,,5,12,585,no
545,Scolipede,Bug,Poison,,,,,,,,,,,,5,25,2005,no
546,Cottonee,Grass,Fairy,,,,,,,,,,,,5,3,6,no
547,Whimsicott,Grass,Fairy,,,,,,,,,,,,5,7,66,no
548,Petilil,Grass,,,,,,,,,,,,,5,5,66,no
549,Lilligant,Grass,,,,,,,,,,,,,5,11,163,no
550,Basculin-Red-Striped,Water,,,,,,,,,,,,,5,10,180,no
551,Sandile,Ground,Dark,,,,,,,,,,,,5,7,152,no
552,Krokorok,Ground,Dark,,,,,,,,,,,,5,10,334,no
553,Krookodile,Ground,Dark,,,,,,,,,,,,5,15,963,no
554,Darumaka,Fire,,,,,,,,,,,,,5,6,375,no
555,Darmanitan-Standard,Fire,,,,,,,,,,,,,5,13,929,no
556,Maractus,Grass,,,,,,,,,,,,,5,10,280,no
557,Dwebble,Bug,Rock,,,,,,,,,,,,5,3,145,no
558,Crustle,Bug,Rock,,,,,,,,,,,,5,14,2000,no
559,Scraggy,Dark,Fighting,,,,,,,,,,,,5,6,118,no
560,Scrafty,Dark,Fighting,,,,,,,,,,,,5,11,300,no
561,Sigilyph,Psychic,Flying,,,,,,,,,,,,5,14,140,no
562,Yamask,Ghost,,,,,,,,,,,,,5,5,15,no
563,Cofagrigus,Ghost,,,,,,,,,,,,,5,17,765,no
564,Tirtouga,Water,Rock,,,,,,,,,,,,5,7,165,no
565,Carracosta,Water,Rock,,,,,,,,,,,,5,12,810,no
566,Archen,Rock,Flying,,,,,,,,,,,,5,5,95,no
567,Archeops,Rock,Flying,,,,,,,,,,,,5,14,320,no
568,Trubbish,Poison,,,,,,,,,,,,,5,6,310,no
569,Garbodor,Poison,,,,,,,,,,,,,5,19,1073,no
570,Zorua,Dark,,,,,,,,,,,,,5,7,125,no
571,Zoroark,Dark,,,,,,,,,,,,,5,16,811,no
572,Minccino,Normal,,,,,,,,,,,,,5,4,58,no
573,Cinccino,Normal,,,,,,,,,,,,,5,5,75,no
574,Gothita,Psychic,,,,,,,,,,,,,5,4,58,no
575,Gothorita,Psychic,,,,,,,,,,,,,5,7,180,no
576,Gothitelle,Psychic,,,,,,,,,,,,,5,15,440,no
577,Solosis,Psychic,,,,,,,,,,,,,5,3,10,no
578,Duosion,Psychic,,,,,,,,,,,,,5,6,80,no
579,Reuniclus,Psychic,,,,,,,,,,,,,5,10,201,no
580,Ducklett,Water,Flying,,,,,,,,,,,,5,5,55,no
581,Swanna,Water,Flying,,,,,,,,,,,,5,13,242,no
582,Vanillite,Ice,,,,,,,,,,,,,5,4,57,no
583,Vanillish,Ice,,,,,,,,,,,,,5,11,410,no
584,Vanilluxe,Ice,,,,,,,,,,,,,5,13,575,no
585,Deerling,Normal,Grass,,,,,,,,,,,,5,6,195,no
586,Sawsbuck,Normal,Grass,,,,,,,,,,,,5,19,925,no
587,Emolga,Electric,Flying,,,,,,,,,,,,5,4,50,no
588,Karrablast,Bug,,,,,,,,,,,,,5,5,59,no
589,Escavalier,Bug,Steel,,,,,,,,,,,,5,10,330,no
590,Foongus,Grass,Poison,,,,,,,,,,,,5,2,10,no
591,Amoonguss,Grass,Poison,,,,,,,,,,,,5,6,105,no
592,Frillish,Water,Ghost,,,,,,,,,,,,5,12,330,no
593,Jellicent,Water,Ghost,,,,,,,,,,,,5,22,1350,no
594,Alomomola,Water,,,,,,,,,,,,,5,12,316,no
595,Joltik,Bug,Electric,,,,,,,,,,,,5,1,6,no
596,Galvantula,Bug,Electric,,,,,,,,,,,,5,8,143,no
597,Ferroseed,Grass,Steel,,,,,,,,,,,,5,6,188,no
598,Ferrothorn,Grass,Steel,,,,,,,,,,,,5,10,1100,no
599,Klink,Steel,,,,,,,,,,,,,5,3,210,no
600,Klang,Steel,,,,,,,,,,,,,5,6,510,no
601,Klinklang,Steel,,,,,,,,,,,,,5,6,810,no
602,Tynamo,Electric,,,,,,,,,,,,,5,2,3,no
603,Eelektrik,Electric,,,,,,,,,,,,,5,12,220,no
604,Eelektross,Electric,,,,,,,,,,,,,5,21,805,no
605,Elgyem,Psychic,,,,,,,,,,,,,5,5,90,no
606,Beheeyem,Psychic,,,,,,,,,,,,,5,10,345,no
607,Litwick,Ghost,Fire,,,,,,,,,,,,5,3,31,no
608,Lampent,Ghost,Fire,,,,,,,,,,,,5,6,130,no
609,Chandelure,Ghost,Fire,,,,,,,,,,,,5,10,343,no
610,Axew,Dragon,,,,,,,,,,,,,5,6,180,no
611,Fraxure,Dragon,,,,,,,,,,,,,5,10,360,no
612,Haxorus,Dragon,,,,,,,,,,,,,5,18,1055,no
613,Cubchoo,Ice,,,,,,,,,,,,,5,5,85,no
614,Beartic,Ice,,,,,,,,,,,,,5,26,2600,no
615,Cryogonal,Ice,,,,,,,,,,,,,5,11,1480,no
616,Shelmet,Bug,,,,,,,,,,,,,5,4,77,no
617,Accelgor,Bug,,,,,,,,,,,,,5,8,253,no
618,Stunfisk,Ground,Electric,,,,,,,,,,,,5,7,110,no
619,Mienfoo,Fighting,,,,,,,,,,,,,5,9,200,no
620,Mienshao,Fighting,,,,,,,,,,,,,5,14,355,no
621,Druddigon,Dragon,,,,,,,,,,,,,5,16,1390,no
622,Golett,Ground,Ghost,,,,,,,,,,,,5,10,920,no
623,Golurk,Ground,Ghost,,,,,,,,,,,,5,28,3300,no
624,Pawniard,Dark,Steel,,,,,,,,,,,,5,5,102,no
625,Bisharp,Dark,Steel,,,,,,,,,,,,5,16,700,no
626,Bouffalant,Normal,,,,,,,,,,,,,5,16,946,no
627,Rufflet,Normal,Flying,,,,,,,,,,,,5,5,105,no
628,Braviary,Normal,Flying,,,,,,,,,,,,5,15,410,no
629,Vullaby,Dark,Flying,,,,,,,,,,,,5,5,90,no
630,Mandibuzz,Dark,Flying,,,,,,,,,,,,5,12,395,no
631,Heatmor,Fire,,,,,,,,,,,,,5,14,580,no
632,Durant,Bug,Steel,,,,,,,,,,,,5,3,330,no
633,Deino,Dark,Dragon,,,,,,,,,,,,5,8,173,no
634,Zweilous,Dark,Dragon,,,,,,,,,,,,5,14,500,no
635,Hydreigon,Dark,Dragon,,,,,,,,,,,,5,18,1600,no
636,Larvesta,Bug,Fire,,,,,,,,,,,,5,11,288,no
637,Volcarona,Bug,Fire,,,,,,,,,,,,5,16,460,no
638,Cobalion,Steel,Fighting,,,,,,,,,,,,5,21,2500,no
639,Terrakion,Rock,Fighting,,,,,,,,,,,,5,19,2600,no
640,Virizion,Grass,Fighting,,,,,,,,,,,,5,20,2000,no
641,Tornadus-Incarnate,Flying,,,,,,,,,,,,,5,15,630,no
642,Thundurus-Incarnate,Electric,Flying,,,,,,,,,,,,5,15,610,no
643,Reshiram,Dragon,Fire,,,,,,,,,,,,5,32,3300,no
644,Zekrom,Dragon,Electric,,,,,,,,,,,,5,29,3450,no
645,Landorus-Incarnate,Ground,Flying,,,,,,,,,,,,5,15,680,no
646,Kyurem,Dragon,Ice,,,,,,,,,,,,5,30,3250,no
647,Keldeo-Ordinary,Water,Fighting,,,,,,,,,,,,5,14,485,no
648,Meloetta-Aria,Normal,Psychic,,,,,,,,,,,,5,6,65,no
649,Genesect,Bug,Steel,,,,,,,,,,,,5,15,825,no
650,Chespin,Grass,,,,,,,,,,,,,6,4,90,no
651,Quilladin,Grass,,,,,,,,,,,,,6,7,290,no
652,Chesnaught,Grass,Fighting,,,,,,,,,,,,6,16,900,no
653,Fennekin,Fire,,,,,,,,,,,,,6,4,94,no
654,Braixen,Fire,,,,,,,,,,,,,6,10,145,no
655,Delphox,Fire,Psychic,,,,,,,,,,,,6,15,390,no
656,Froakie,Water,,,,,,,,,,,,,6,3,70,no
657,Frogadier,Water,,,,,,,,,,,,,6,6,109,no
658,Greninja,Water,Dark,,,,,,,,,,,,6,15,400,no
659,Bunnelby,Normal,,,,,,,,,,,,,6,4,50,no
660,Diggersby,Normal,Ground,,,,,,,,,,,,6,10,424,no
661,Fletchling,Normal,Flying,,,,,,,,,,,,6,3,17,no
662,Fletchinder,Fire,Flying,,,,,,,,,,,,6,7,160,no
663,Talonflame,Fire,Flying,,,,,,,,,,,,6,12,245,no
664,Scatterbug,Bug,,,,,,,,,,,,,6,3,25,no
665,Spewpa,Bug,,,,,,,,,,,,,6,3,84,no
666,Vivillon,Bug,Flying,,,,,,,,,,,,6,12,170,no
667,Litleo,Fire,Normal,,,,,,,,,,,,6,6,135,no
668,Pyroar,Fire,Normal,,,,,,,,,,,,6,15,815,no
669,Flabebe,Fairy,,,,,,,,,,,,,6,1,1,no
670,Floette,Fairy,,,,,,,,,,,,,6,2,9,no
671,Florges,Fairy,,,,,,,,,,,,,6,11,100,no
672,Skiddo,Grass,,,,,,,,,,,,,6,9,310,no
673,Gogoat,Grass,,,,,,,,,,,,,6,17,910,no
674,Pancham,Fighting,,,,,,,,,,,,,6,6,80,no
675,Pangoro,Fighting,Dark,,,,,,,,,,,,6,21,1360,no
676,Furfrou,Normal,,,,,,,,,,,,,6,12,280,no
677,Espurr,Psychic,,,,,,,,,,,,,6,3,35,no
678,Meowstic-Male,Psychic,,,,,,,,,,,,,6,6,85,no
679,Honedge,Steel,Ghost,,,,,,,,,,,,6,8,20,no
680,Doublade,Steel,Ghost,,,,,,,,,,,,6,8,45,no
681,Aegislash-Shield,Steel,Ghost,,,,,,,,,,,,6,17,530,no
682,Spritzee,Fairy,,,,,,,,,,,,,6,2,5,no
683,Aromatisse,Fairy,,,,,,,,,,,,,6,8,155,no
684,Swirlix,Fairy,,,,,,,,,,,,,6,4,35,no
685,Slurpuff,Fairy,,,,,,,,,,,,,6,8,50,no
686,Inkay,Dark,Psychic,,,,,,,,,,,,6,4,35,no
687,Malamar,Dark,Psychic,,,,,,,,,,,,6,15,470,no
688,Binacle,Rock,Water,,,,,,,,,,,,6,5,310,no
689,Barbaracle,Rock,Water,,,,,,,,,,,,6,13,960,no
690,Skrelp,Poison,Water,,,,,,,,,,,,6,5,73,no
691,Dragalge,Poison,Dragon,,,,,,,,,,,,6,18,815,no
692,Clauncher,Water,,,,,,,,,,,,,6,5,83,no
693,Clawitzer,Water,,,,,,,,,,,,,6,13,353,no
694,Helioptile,Electric,Normal,,,,,,,,,,,,6,5,60,no
695,Heliolisk,Electric,Normal,,,,,,,,,,,,6,10,210,no
696,Tyrunt,Rock,Dragon,,,,,,,,,,,,6,8,260,no
697,Tyrantrum,Rock,Dragon,,,,,,,,,,,,6,25,2700,no
698,Amaura,Rock,Ice,,,,,,,,,,,,6,13,252,no
699,Aurorus,Rock,Ice,,,,,,,,,,,,6,27,2250,no
700,Sylveon,Fairy,,,,,,,,,,,,,6,10,235,no
701,Hawlucha,Fighting,Flying,,,,,,,,,,,,6,8,215,no
702,Dedenne,Electric,Fairy,,,,,,,,,,,,6,2,22,no
703,Carbink,Rock,Fairy,,,,,,,,,,,,6,3,57,no
704,Goomy,Dragon,,,,,,,,,,,,,6,3,28,no
705,Sliggoo,Dragon,,,,,,,,,,,,,6,8,175,no
706,Goodra,Dragon,,,,,,,,,,,,,6,20,1505,no
707,Klefki,Steel,Fairy,,,,,,,,,,,,6,2,30,no
708,Phantump,Ghost,Grass,,,,,,,,,,,,6,4,70,no
709,Trevenant,Ghost,Grass,,,,,,,,,,,,6,15,710,no
710,Pumpkaboo-Average,Ghost,Grass,,,,,,,,,,,,6,4,50,no
711,Gourgeist-Average,Ghost,Grass,,,,,,,,,,,,6,9,125,no
712,Bergmite,Ice,,,,,,,,,,,,,6,10,995,no
713,Avalugg,Ice,,,,,,,,,,,,,6,20,5050,no
714,Noibat,Flying,Dragon,,,,,,,,,,,,6,5,80,no
715,Noivern,Flying,Dragon,,,,,,,,,,,,6,15,850,no
716,Xerneas,Fairy,,,,,,,,,,,,,6,30,2150,no
717,Yveltal,Dark,Flying,,,,,,,,,,,,6,58,2030,no
718,Zygarde,Dragon,Ground,,,,,,,,,,,,6,50,3050,no
719,Diancie,Rock,Fairy,,,,,,,,,,,,6,7,88,no
720,Hoopa,Psychic,Ghost,,,,,,,,,,,,6,5,90,no
721,Volcanion,Fire,Water,,,,,,,,,,,,6,17,1950,no
